Question,Response
what is mcdonalds,"McDonald's is a global fast-food restaurant chain founded in 1940 by Richard and Maurice McDonald in San Bernardino, California, United States. It is one of the world's largest and most recognizable fast-food chains, known for its hamburgers, cheeseburgers, chicken products, french fries, breakfast items, soft drinks, milkshakes, and desserts.

Key points about McDonald's:

1. Global presence: Operating in over 100 countries with more than 39,000 locations.

2. Famous menu items: Big Mac, Quarter Pounder, McNuggets, and McFlurry.

3. Brand recognition: Golden Arches logo is one of the most recognized symbols worldwide.

4. Business model: Franchise system, with most restaurants operated by independent franchisees.

5. Marketing: Known for its advertising campaigns and promotional tie-ins with movies and toys.

6. Standardization: Consistent food quality and service across locations.

7. Controversy: Has faced criticism over nutrition, environmental impact, and labor practices.

8. Adaptation: Menu items often vary by country to cater to local tastes and customs.

McDonald's has become a cultural icon and a symbol of globalization and American-style fast food."
what is the best food there,"The ""best"" food at McDonald's is subjective and can vary based on personal taste preferences. However, some of the most popular and well-regarded items on their menu include:

1. Big Mac: A classic double-decker burger with special sauce, lettuce, cheese, pickles, and onions.

2. French Fries: Often praised for their crispy texture and salty flavor.

3. Chicken McNuggets: Bite-sized pieces of breaded chicken, popular with both kids and adults.

4. McFlurry: A soft-serve ice cream dessert with various mix-ins like Oreo cookies or M&M's.

5. Egg McMuffin: A breakfast sandwich with egg, Canadian bacon, and cheese on an English muffin.

6. Quarter Pounder with Cheese: A larger burger option made with fresh beef in many markets.

7. Apple Pie: A dessert item with a crispy crust and warm apple filling.

8. McChicken: A simple chicken sandwich that's popular for its affordability.

9. Hash Browns: A crispy potato side often ordered with breakfast items.

10. Filet-O-Fish: A fish sandwich that's particularly popular during Lent.

Remember that menu items can vary by country and region, and personal preferences play a big role in determining what's ""best."" Additionally, nutritional concerns might influence what someone considers the ""best"" option at McDonald's."
